严防口岸疫情。,http://mp.weixin.qq.com/s?__biz=MzIwNzE3MzE2NQ==&mid=2652799627&idx=1&sn=eaea2673ed37c9b7d5575a29d8f7e2c5&chksm=8cfc41c9bb8bc8df0f6ed63e577fab0c2c607530161509143bbd6282fc4943acfdf88a168299#rd
1953年广州海关在此设立容奇工作组。,http://mp.weixin.qq.com/s?__biz=MzIwNzE3MzE2NQ==&mid=2652799615&idx=1&sn=caeefa1075c0f879543d5479d851646a&chksm=8cfc413dbb8bc82be460a4da8a62086f52dd68e13197c1a139551de0d32a0c45713a3916bc9b#rd
不把象牙带回家！,http://mp.weixin.qq.com/s?__biz=MzIwNzE3MzE2NQ==&mid=2652799613&idx=1&sn=76ab09f12b1d1265dd17ae93b27442bb&chksm=8cfc413fbb8bc829b227ad34be48ad6e8fc850343f96be8004c80b78e67d8139a16f50322e7c#rd
海关发生了哪些新鲜事？临睡前回顾一下吧！,http://mp.weixin.qq.com/s?__biz=MzIwNzE3MzE2NQ==&mid=2652799612&idx=1&sn=3ed8642ebbda030e9f6d9141e6a2ff42&chksm=8cfc413ebb8bc8285a63df6196aea415380e10cfd0779c56c163ff903ad8bca7e46b91ff4611#rd
点击下载,http://mp.weixin.qq.com/s?__biz=MzIwNzE3MzE2NQ==&mid=2652799604&idx=1&sn=11ac63988032dbd9a86063ed1c488c4a&chksm=8cfc4136bb8bc8208add55b593a8f828893504d2423fea668cc6411584cee9aad562d4eba93e#rd
点击下载,http://mp.weixin.qq.com/s?__biz=MzIwNzE3MzE2NQ==&mid=2652799604&idx=2&sn=c40827ff7a9015a526c2b6954f92d01c&chksm=8cfc4136bb8bc820e4493a5a23042e68fe5c552ab61b565c0f0041e16c596165bd58af4daf37#rd
7月1日起，进口ITA产品可以享受更加优惠的税率！,http://mp.weixin.qq.com/s?__biz=MjM5ODU2MDU2Mg==&mid=2652014961&idx=1&sn=2a85db169c88c4a236837138b80aa756&chksm=bd2eff2c8a59763a04e418a3e7b0486b9394026c7a4e6cbca0ccf153ff856c8f2f4712ab3d4e#rd
海关提醒您——谨防诈骗！,http://mp.weixin.qq.com/s?__biz=MjM5ODU2MDU2Mg==&mid=2652014961&idx=2&sn=be50d3b6e0e5cac5428a8d5ecb045f07&chksm=bd2eff2c8a59763a4a2244b6789aaee162e44ca96ac5179a89fa2c618ece77bae6d5e7ac4669#rd
你真的了解如何申报“双反”商品嘛？今天，就让小编为您详解一下吧！,http://mp.weixin.qq.com/s?__biz=MjM5ODU2MDU2Mg==&mid=2652014959&idx=1&sn=6aae6b5565d8843573ab75a7da00e00d&chksm=bd2eff328a597624659c0168f97e0dc4e010dc22b99a5c3c20e0c70494e53d1da232a4ccf1e2#rd
内附“关于推进关税保证保险的问卷调查”，希望您协助我们完成这次调查，谢谢您的合作！,http://mp.weixin.qq.com/s?__biz=MjM5ODU2MDU2Mg==&mid=2652014957&idx=1&sn=f5f8d73efd4c222527acfbc252df6d51&chksm=bd2eff308a5976262b353258ecfa4fc37e74c3e639195ff14a06d74063ef803c6d6f4a421e8b#rd
6月10日，汇总征税担保数据电子传输“银行家族”扩编了,http://mp.weixin.qq.com/s?__biz=MjM5ODU2MDU2Mg==&mid=2652014955&idx=1&sn=ca720f44ef0af34877a641d01fb04e61&chksm=bd2eff368a5976201f8164cc03e280ff4752edbcdb0d121feb8ed3997c9be1c586837945fc7c#rd
2019年6月1日起，《中华人民共和国海关和日本国海关关于中国海关企业信用管理制度与日本海关“经认证的经营者（AEO）”制度互认的安排》将正式实施，这意味着中日进出口贸易的便利化水平将得到显著提升。,http://mp.weixin.qq.com/s?__biz=MjM5ODU2MDU2Mg==&mid=2652014950&idx=1&sn=f0e4039ae1e200e8108bb05390777c2e&chksm=bd2eff3b8a59762dbd8f172ed8659722d126c288880fa429ec70012413b78672f2e4e74fc89b#rd
广西目前唯一一家保税物流中心（B型）,http://mp.weixin.qq.com/s?__biz=MzIwMTcxMjYzNQ==&mid=2247488278&idx=1&sn=68bb35c29e8354af76acad5a6bbf5dbb&chksm=96e8e582a19f6c9408f628eb636c306032720223362eac3ba211361a37325d6647d0c2c9bb88#rd
7月15日起施行,http://mp.weixin.qq.com/s?__biz=MzIwMTcxMjYzNQ==&mid=2247488278&idx=2&sn=91bb6d12326c929e4c60f7f3f69cd810&chksm=96e8e582a19f6c94a1591b958d71be02827273f8448130e7da75d147dd125e1251904d0b2039#rd
从南宁到香港，你只差一张车票！,http://mp.weixin.qq.com/s?__biz=MzIwMTcxMjYzNQ==&mid=2247488272&idx=1&sn=9787b8ba1a40c2214ffe8b30f6c15bdf&chksm=96e8e584a19f6c925209e1c1f5ce372cedda148ad942db8ce2339b3f1f7023f8e0dfdd9c3c9e#rd
7月15日起施行,http://mp.weixin.qq.com/s?__biz=MzIwMTcxMjYzNQ==&mid=2247488272&idx=2&sn=4b1b5a3aa669d42b8c893f64f160a674&chksm=96e8e584a19f6c92ca72a48b4cca72a9ecd7c1c93930d5b8ab097739102a89922efa8a2920fd#rd
毕业季，归国前，你需要了解的在这里。,http://mp.weixin.qq.com/s?__biz=MzIwMTcxMjYzNQ==&mid=2247488254&idx=1&sn=71f08a599182792566779c111b3efd54&chksm=96e8e46aa19f6d7ca73f65a9245b8e89d2c9be1ecbcb4b9cc49623ca580507dd5da186e0126f#rd
没有买卖，就没有杀害,http://mp.weixin.qq.com/s?__biz=MzIwMTcxMjYzNQ==&mid=2247488243&idx=1&sn=0f0880986dd3afcb6c45a2fccde352f9&chksm=96e8e467a19f6d7192ba7b2a8ff1933582482ae706e0dffc2b404579de6ad60d3ac0e84b568f#rd
通关速度跨大步，查验放行加速度，去繁就简放管服，外贸发展更迅速,http://mp.weixin.qq.com/s?__biz=MzIwMTcxMjYzNQ==&mid=2247488241&idx=1&sn=c997a9a572fda359827ea0647e2a062f&chksm=96e8e465a19f6d7329e96654d74c96ddd8f4017e16a217c273316ce05efdbcec0b8a63ced40e#rd
不把象牙带回家！,http://mp.weixin.qq.com/s?__biz=MzA4MTY5NzYwOA==&mid=2654377751&idx=1&sn=947e17605e41b7af8f18d831a22c7678&chksm=84533930b324b026513976fbbf31921a325b54fae6b39a39acad449a02dfb48532a9d3338b1d#rd
1953年广州海关在此设立容奇工作组。,http://mp.weixin.qq.com/s?__biz=MzA4MTY5NzYwOA==&mid=2654377751&idx=2&sn=3fefacbbe79c369847ca967c2a69763b&chksm=84533930b324b026a568cc15f8d9c1659d52c1b1252d201e4e59f8eb009aaaef238352fcad08#rd
海关总署公告2019年第114号,http://mp.weixin.qq.com/s?__biz=MzA4MTY5NzYwOA==&mid=2654377748&idx=1&sn=400bb30168b4f7616fb53cbf9314a161&chksm=84533933b324b0255420b4f142443d10ca6648db98a70e39f4f3bd50416b755c3ac8307aca38#rd
海关总署公告2019年第115号,http://mp.weixin.qq.com/s?__biz=MzA4MTY5NzYwOA==&mid=2654377748&idx=2&sn=711e1ffc2191f11f7b3077432e3a6d06&chksm=84533933b324b025b1ffdb4668133547ff3c1c201c33feb68af949a01f67dd77f8948a54ec46#rd
6月30日，运营26年的佛山新港码头正式关停。,http://mp.weixin.qq.com/s?__biz=MzA4MTY5NzYwOA==&mid=2654377742&idx=1&sn=b930194b46f09cf255406264b0a49b22&chksm=84533929b324b03f569fd859e89aa53b87e97be55ee23edafd1b6654f4acf31d1560078ab94a#rd
求关员的心理阴影面积。,http://mp.weixin.qq.com/s?__biz=MzA4MTY5NzYwOA==&mid=2654377693&idx=1&sn=c639079356d93e568824ebc953255291&chksm=845338fab324b1ecb1daadec871610526582a9c54c1c1542b1adad5d31c0b3b7118badae76eb#rd
管道原油进口小贴士，请查收。,http://mp.weixin.qq.com/s?__biz=MzA4MTY5NzYwOA==&mid=2654377693&idx=2&sn=e60499759d2178613078a16ab04100f3&chksm=845338fab324b1ec32bc2a512a0e22aab27dab96cb557a65e27aad39200822acfbfeb64b6f41#rd
毕业季，归国前，你需要了解的在这里。,http://mp.weixin.qq.com/s?__biz=MzA4MTY5NzYwOA==&mid=2654377677&idx=1&sn=6617acb2c0350fa5d45b24f9f3d421a3&chksm=845338eab324b1fc03774d9da75a0f0065279d683c9f3ae14f9775cfc9f96d1eb9d2538ea529#rd
海关总署公告2019年第108号,http://mp.weixin.qq.com/s?__biz=MzA4MTY5NzYwOA==&mid=2654377677&idx=2&sn=e3b1c1e224283058b3593b0f59642e97&chksm=845338eab324b1fc3a15bf84cefab166ba9747dfca63cfc960bbaabe921b1db641a63a030f20#rd
干货满满,http://mp.weixin.qq.com/s?__biz=MzI0MDA0MDM4MA==&mid=2651203136&idx=1&sn=efde68b0f79c78be0a4fc93e046c2007&chksm=f2d26693c5a5ef857bcc573aee21bfafd5056932d6157c2ce8f7b9ff0da55ce3bb6898962374#rd
海关管理企业，请在6月30日前报送年报！,http://mp.weixin.qq.com/s?__biz=MzI0MDA0MDM4MA==&mid=2651203136&idx=2&sn=7c76fee0911bbb70505a6dde822ef92c&chksm=f2d26693c5a5ef852b87d8752a54bbb0b027f54ecdcc3686a0de9d9ed96799cfa061693ea471#rd
近距离了解海关检疫性实蝇监测工作,http://mp.weixin.qq.com/s?__biz=MzI0MDA0MDM4MA==&mid=2651203108&idx=1&sn=1beaf0ae5267b48544b4aaaab4c40028&chksm=f2d266f7c5a5efe16de5158b4d4aa6b9d8aa80cb3111b8ce91f054d356515ce08ca88e2a38b4#rd
5月15日14点50分，扫码看直播,http://mp.weixin.qq.com/s?__biz=MzI0MDA0MDM4MA==&mid=2651203108&idx=2&sn=90298a8c70b5b7fc94f872f18ccac56f&chksm=f2d266f7c5a5efe1b1efab34f4a0f8ccb47ee56ad2bdec0debd6ce0008efa0565ffada2f81a0#rd
线上了解情况听取建议 线下督查整改推动落实,http://mp.weixin.qq.com/s?__biz=MzI0MDA0MDM4MA==&mid=2651203108&idx=3&sn=bdab69d3b3bd862933df17bd667482d8&chksm=f2d266f7c5a5efe1752d0e934d8265ad744f17f1963506ebe19ef9df92e1037d6b51a7185e09#rd
对他们来说，知识产权保护关乎生死存亡。,http://mp.weixin.qq.com/s?__biz=MzI0MDA0MDM4MA==&mid=2651203034&idx=1&sn=b053eda8531538b7f2de1d20a9e9cfbe&chksm=f2d26509c5a5ec1f41e653c7bee6dd84ac5e8faf2e4619fee71dee232de2ae76ca662d574a6a#rd
数说疟疾流行概况。,http://mp.weixin.qq.com/s?__biz=MzI0MDA0MDM4MA==&mid=2651203034&idx=2&sn=af716446235f7a0536263a0fc066ec96&chksm=f2d26509c5a5ec1f4d4c4878fdde7f80246ee2602eb3d35dd53bb8641c10ec582238b3411e29#rd
象牙走私零容忍！,http://mp.weixin.qq.com/s?__biz=MzI0MDA0MDM4MA==&mid=2651203029&idx=1&sn=d169d2f54179e996b6a3efef0c478ba1&chksm=f2d26506c5a5ec103cffab169e91f2bb45addd6665050da90ac11324029b7818d5b0de0262a1#rd
原来，深圳是有松树林的。,http://mp.weixin.qq.com/s?__biz=MzI0MDA0MDM4MA==&mid=2651203027&idx=1&sn=36bdfbd72d3dadae2420acfd18b596a6&chksm=f2d26500c5a5ec16b25180d0203b0cddbc6469fa841a63fc65e203e81f7272ad782177e2c873#rd
敬请留意。,http://mp.weixin.qq.com/s?__biz=MzI0MDA0MDM4MA==&mid=2651203027&idx=2&sn=2dd478d7a784d78db5da693cd82ec698&chksm=f2d26500c5a5ec161872f52d8d3ed138cc6cbf3abe9251267f4b15f719893910a230e81f586e#rd
严防口岸疫情。,http://mp.weixin.qq.com/s?__biz=MzIwNzE3MzE2NQ==&mid=2652799627&idx=1&sn=eaea2673ed37c9b7d5575a29d8f7e2c5&chksm=8cfc41c9bb8bc8df0f6ed63e577fab0c2c607530161509143bbd6282fc4943acfdf88a168299#rd
1953年广州海关在此设立容奇工作组。,http://mp.weixin.qq.com/s?__biz=MzIwNzE3MzE2NQ==&mid=2652799615&idx=1&sn=caeefa1075c0f879543d5479d851646a&chksm=8cfc413dbb8bc82be460a4da8a62086f52dd68e13197c1a139551de0d32a0c45713a3916bc9b#rd
不把象牙带回家！,http://mp.weixin.qq.com/s?__biz=MzIwNzE3MzE2NQ==&mid=2652799613&idx=1&sn=76ab09f12b1d1265dd17ae93b27442bb&chksm=8cfc413fbb8bc829b227ad34be48ad6e8fc850343f96be8004c80b78e67d8139a16f50322e7c#rd
海关发生了哪些新鲜事？临睡前回顾一下吧！,http://mp.weixin.qq.com/s?__biz=MzIwNzE3MzE2NQ==&mid=2652799612&idx=1&sn=3ed8642ebbda030e9f6d9141e6a2ff42&chksm=8cfc413ebb8bc8285a63df6196aea415380e10cfd0779c56c163ff903ad8bca7e46b91ff4611#rd
点击下载,http://mp.weixin.qq.com/s?__biz=MzIwNzE3MzE2NQ==&mid=2652799604&idx=1&sn=11ac63988032dbd9a86063ed1c488c4a&chksm=8cfc4136bb8bc8208add55b593a8f828893504d2423fea668cc6411584cee9aad562d4eba93e#rd
点击下载,http://mp.weixin.qq.com/s?__biz=MzIwNzE3MzE2NQ==&mid=2652799604&idx=2&sn=c40827ff7a9015a526c2b6954f92d01c&chksm=8cfc4136bb8bc820e4493a5a23042e68fe5c552ab61b565c0f0041e16c596165bd58af4daf37#rd
7月1日起，进口ITA产品可以享受更加优惠的税率！,http://mp.weixin.qq.com/s?__biz=MjM5ODU2MDU2Mg==&mid=2652014961&idx=1&sn=2a85db169c88c4a236837138b80aa756&chksm=bd2eff2c8a59763a04e418a3e7b0486b9394026c7a4e6cbca0ccf153ff856c8f2f4712ab3d4e#rd
海关提醒您——谨防诈骗！,http://mp.weixin.qq.com/s?__biz=MjM5ODU2MDU2Mg==&mid=2652014961&idx=2&sn=be50d3b6e0e5cac5428a8d5ecb045f07&chksm=bd2eff2c8a59763a4a2244b6789aaee162e44ca96ac5179a89fa2c618ece77bae6d5e7ac4669#rd
你真的了解如何申报“双反”商品嘛？今天，就让小编为您详解一下吧！,http://mp.weixin.qq.com/s?__biz=MjM5ODU2MDU2Mg==&mid=2652014959&idx=1&sn=6aae6b5565d8843573ab75a7da00e00d&chksm=bd2eff328a597624659c0168f97e0dc4e010dc22b99a5c3c20e0c70494e53d1da232a4ccf1e2#rd
内附“关于推进关税保证保险的问卷调查”，希望您协助我们完成这次调查，谢谢您的合作！,http://mp.weixin.qq.com/s?__biz=MjM5ODU2MDU2Mg==&mid=2652014957&idx=1&sn=f5f8d73efd4c222527acfbc252df6d51&chksm=bd2eff308a5976262b353258ecfa4fc37e74c3e639195ff14a06d74063ef803c6d6f4a421e8b#rd
6月10日，汇总征税担保数据电子传输“银行家族”扩编了,http://mp.weixin.qq.com/s?__biz=MjM5ODU2MDU2Mg==&mid=2652014955&idx=1&sn=ca720f44ef0af34877a641d01fb04e61&chksm=bd2eff368a5976201f8164cc03e280ff4752edbcdb0d121feb8ed3997c9be1c586837945fc7c#rd
2019年6月1日起，《中华人民共和国海关和日本国海关关于中国海关企业信用管理制度与日本海关“经认证的经营者（AEO）”制度互认的安排》将正式实施，这意味着中日进出口贸易的便利化水平将得到显著提升。,http://mp.weixin.qq.com/s?__biz=MjM5ODU2MDU2Mg==&mid=2652014950&idx=1&sn=f0e4039ae1e200e8108bb05390777c2e&chksm=bd2eff3b8a59762dbd8f172ed8659722d126c288880fa429ec70012413b78672f2e4e74fc89b#rd
广西目前唯一一家保税物流中心（B型）,http://mp.weixin.qq.com/s?__biz=MzIwMTcxMjYzNQ==&mid=2247488278&idx=1&sn=68bb35c29e8354af76acad5a6bbf5dbb&chksm=96e8e582a19f6c9408f628eb636c306032720223362eac3ba211361a37325d6647d0c2c9bb88#rd
7月15日起施行,http://mp.weixin.qq.com/s?__biz=MzIwMTcxMjYzNQ==&mid=2247488278&idx=2&sn=91bb6d12326c929e4c60f7f3f69cd810&chksm=96e8e582a19f6c94a1591b958d71be02827273f8448130e7da75d147dd125e1251904d0b2039#rd
从南宁到香港，你只差一张车票！,http://mp.weixin.qq.com/s?__biz=MzIwMTcxMjYzNQ==&mid=2247488272&idx=1&sn=9787b8ba1a40c2214ffe8b30f6c15bdf&chksm=96e8e584a19f6c925209e1c1f5ce372cedda148ad942db8ce2339b3f1f7023f8e0dfdd9c3c9e#rd
7月15日起施行,http://mp.weixin.qq.com/s?__biz=MzIwMTcxMjYzNQ==&mid=2247488272&idx=2&sn=4b1b5a3aa669d42b8c893f64f160a674&chksm=96e8e584a19f6c92ca72a48b4cca72a9ecd7c1c93930d5b8ab097739102a89922efa8a2920fd#rd
毕业季，归国前，你需要了解的在这里。,http://mp.weixin.qq.com/s?__biz=MzIwMTcxMjYzNQ==&mid=2247488254&idx=1&sn=71f08a599182792566779c111b3efd54&chksm=96e8e46aa19f6d7ca73f65a9245b8e89d2c9be1ecbcb4b9cc49623ca580507dd5da186e0126f#rd
没有买卖，就没有杀害,http://mp.weixin.qq.com/s?__biz=MzIwMTcxMjYzNQ==&mid=2247488243&idx=1&sn=0f0880986dd3afcb6c45a2fccde352f9&chksm=96e8e467a19f6d7192ba7b2a8ff1933582482ae706e0dffc2b404579de6ad60d3ac0e84b568f#rd
通关速度跨大步，查验放行加速度，去繁就简放管服，外贸发展更迅速,http://mp.weixin.qq.com/s?__biz=MzIwMTcxMjYzNQ==&mid=2247488241&idx=1&sn=c997a9a572fda359827ea0647e2a062f&chksm=96e8e465a19f6d7329e96654d74c96ddd8f4017e16a217c273316ce05efdbcec0b8a63ced40e#rd
不把象牙带回家！,http://mp.weixin.qq.com/s?__biz=MzA4MTY5NzYwOA==&mid=2654377751&idx=1&sn=947e17605e41b7af8f18d831a22c7678&chksm=84533930b324b026513976fbbf31921a325b54fae6b39a39acad449a02dfb48532a9d3338b1d#rd
1953年广州海关在此设立容奇工作组。,http://mp.weixin.qq.com/s?__biz=MzA4MTY5NzYwOA==&mid=2654377751&idx=2&sn=3fefacbbe79c369847ca967c2a69763b&chksm=84533930b324b026a568cc15f8d9c1659d52c1b1252d201e4e59f8eb009aaaef238352fcad08#rd
海关总署公告2019年第114号,http://mp.weixin.qq.com/s?__biz=MzA4MTY5NzYwOA==&mid=2654377748&idx=1&sn=400bb30168b4f7616fb53cbf9314a161&chksm=84533933b324b0255420b4f142443d10ca6648db98a70e39f4f3bd50416b755c3ac8307aca38#rd
海关总署公告2019年第115号,http://mp.weixin.qq.com/s?__biz=MzA4MTY5NzYwOA==&mid=2654377748&idx=2&sn=711e1ffc2191f11f7b3077432e3a6d06&chksm=84533933b324b025b1ffdb4668133547ff3c1c201c33feb68af949a01f67dd77f8948a54ec46#rd
6月30日，运营26年的佛山新港码头正式关停。,http://mp.weixin.qq.com/s?__biz=MzA4MTY5NzYwOA==&mid=2654377742&idx=1&sn=b930194b46f09cf255406264b0a49b22&chksm=84533929b324b03f569fd859e89aa53b87e97be55ee23edafd1b6654f4acf31d1560078ab94a#rd
求关员的心理阴影面积。,http://mp.weixin.qq.com/s?__biz=MzA4MTY5NzYwOA==&mid=2654377693&idx=1&sn=c639079356d93e568824ebc953255291&chksm=845338fab324b1ecb1daadec871610526582a9c54c1c1542b1adad5d31c0b3b7118badae76eb#rd
管道原油进口小贴士，请查收。,http://mp.weixin.qq.com/s?__biz=MzA4MTY5NzYwOA==&mid=2654377693&idx=2&sn=e60499759d2178613078a16ab04100f3&chksm=845338fab324b1ec32bc2a512a0e22aab27dab96cb557a65e27aad39200822acfbfeb64b6f41#rd
毕业季，归国前，你需要了解的在这里。,http://mp.weixin.qq.com/s?__biz=MzA4MTY5NzYwOA==&mid=2654377677&idx=1&sn=6617acb2c0350fa5d45b24f9f3d421a3&chksm=845338eab324b1fc03774d9da75a0f0065279d683c9f3ae14f9775cfc9f96d1eb9d2538ea529#rd
海关总署公告2019年第108号,http://mp.weixin.qq.com/s?__biz=MzA4MTY5NzYwOA==&mid=2654377677&idx=2&sn=e3b1c1e224283058b3593b0f59642e97&chksm=845338eab324b1fc3a15bf84cefab166ba9747dfca63cfc960bbaabe921b1db641a63a030f20#rd
干货满满,http://mp.weixin.qq.com/s?__biz=MzI0MDA0MDM4MA==&mid=2651203136&idx=1&sn=efde68b0f79c78be0a4fc93e046c2007&chksm=f2d26693c5a5ef857bcc573aee21bfafd5056932d6157c2ce8f7b9ff0da55ce3bb6898962374#rd
海关管理企业，请在6月30日前报送年报！,http://mp.weixin.qq.com/s?__biz=MzI0MDA0MDM4MA==&mid=2651203136&idx=2&sn=7c76fee0911bbb70505a6dde822ef92c&chksm=f2d26693c5a5ef852b87d8752a54bbb0b027f54ecdcc3686a0de9d9ed96799cfa061693ea471#rd
近距离了解海关检疫性实蝇监测工作,http://mp.weixin.qq.com/s?__biz=MzI0MDA0MDM4MA==&mid=2651203108&idx=1&sn=1beaf0ae5267b48544b4aaaab4c40028&chksm=f2d266f7c5a5efe16de5158b4d4aa6b9d8aa80cb3111b8ce91f054d356515ce08ca88e2a38b4#rd
5月15日14点50分，扫码看直播,http://mp.weixin.qq.com/s?__biz=MzI0MDA0MDM4MA==&mid=2651203108&idx=2&sn=90298a8c70b5b7fc94f872f18ccac56f&chksm=f2d266f7c5a5efe1b1efab34f4a0f8ccb47ee56ad2bdec0debd6ce0008efa0565ffada2f81a0#rd
线上了解情况听取建议 线下督查整改推动落实,http://mp.weixin.qq.com/s?__biz=MzI0MDA0MDM4MA==&mid=2651203108&idx=3&sn=bdab69d3b3bd862933df17bd667482d8&chksm=f2d266f7c5a5efe1752d0e934d8265ad744f17f1963506ebe19ef9df92e1037d6b51a7185e09#rd
对他们来说，知识产权保护关乎生死存亡。,http://mp.weixin.qq.com/s?__biz=MzI0MDA0MDM4MA==&mid=2651203034&idx=1&sn=b053eda8531538b7f2de1d20a9e9cfbe&chksm=f2d26509c5a5ec1f41e653c7bee6dd84ac5e8faf2e4619fee71dee232de2ae76ca662d574a6a#rd
数说疟疾流行概况。,http://mp.weixin.qq.com/s?__biz=MzI0MDA0MDM4MA==&mid=2651203034&idx=2&sn=af716446235f7a0536263a0fc066ec96&chksm=f2d26509c5a5ec1f4d4c4878fdde7f80246ee2602eb3d35dd53bb8641c10ec582238b3411e29#rd
象牙走私零容忍！,http://mp.weixin.qq.com/s?__biz=MzI0MDA0MDM4MA==&mid=2651203029&idx=1&sn=d169d2f54179e996b6a3efef0c478ba1&chksm=f2d26506c5a5ec103cffab169e91f2bb45addd6665050da90ac11324029b7818d5b0de0262a1#rd
原来，深圳是有松树林的。,http://mp.weixin.qq.com/s?__biz=MzI0MDA0MDM4MA==&mid=2651203027&idx=1&sn=36bdfbd72d3dadae2420acfd18b596a6&chksm=f2d26500c5a5ec16b25180d0203b0cddbc6469fa841a63fc65e203e81f7272ad782177e2c873#rd
敬请留意。,http://mp.weixin.qq.com/s?__biz=MzI0MDA0MDM4MA==&mid=2651203027&idx=2&sn=2dd478d7a784d78db5da693cd82ec698&chksm=f2d26500c5a5ec161872f52d8d3ed138cc6cbf3abe9251267f4b15f719893910a230e81f586e#rd
