0,1
Ö÷Óª²úÆ·£º,ÑòÃ«ÍâÌ× ¿ã×Ó Ñ©·ÄÉÀ ÓðÈÞ·þ ÑòÃ«ÉÀ Å£×Ð¿ã ÃÞ·þ ÖÐÀÏÄêÅ®×° Á¬ÒÂÈ¹ ³ÄÉÀ
Ö÷ÓªÐÐÒµ£º,ÏúÊÛ½¨Öþ²ÄÁÏ¡¢ÎÄ»¯ÓÃÆ·¡¢¼Ò¾ß¡¢»úÐµÉè±¸¡¢ÌåÓýÓÃÆ·£¨²»º¬åó£©¡¢¹¤ÒÕÆ·£¨²»º¬ÎÄÎï£©¡¢¼ÆËã»úÈí¼þ¼°¸¨ÖúÉè±¸¡¢µç×Ó²úÆ·¡¢Í¨Ñ¶Æ÷²Ä¡¢ÈÕÓÃÆ·¡¢¼ÒÓÃµçÆ÷¡¢Íæ¾ß¡¢·þ×°Ð¬Ã±¡¢Õë·Ä
¹«Ë¾ÀàÐÍ£º,Ò»ÈËÓÐÏÞÔðÈÎ¹«Ë¾
ÆóÒµ·¨ÈË£º,ÕÅÇìÆ½
³ÉÁ¢ÈÕÆÚ£º,2012Äê03ÔÂ19ÈÕ
ËùÊôÊ¡ÊÐ£º,±±¾©
¹«Ë¾µØÖ·£º,±±¾©´óÐËÇøå­º£ÕòâùÀÖ¹¤ÒµÔ°ÍâÎ÷Â·45ºÅ
0,1
Ö÷Óª²úÆ·£º,ÑòÃ«ÍâÌ× ¿ã×Ó Ñ©·ÄÉÀ ÓðÈÞ·þ ÑòÃ«ÉÀ Å£×Ð¿ã ÃÞ·þ ÖÐÀÏÄêÅ®×° Á¬ÒÂÈ¹ ³ÄÉÀ
Ö÷ÓªÐÐÒµ£º,ÏúÊÛ½¨Öþ²ÄÁÏ¡¢ÎÄ»¯ÓÃÆ·¡¢¼Ò¾ß¡¢»úÐµÉè±¸¡¢ÌåÓýÓÃÆ·£¨²»º¬åó£©¡¢¹¤ÒÕÆ·£¨²»º¬ÎÄÎï£©¡¢¼ÆËã»úÈí¼þ¼°¸¨ÖúÉè±¸¡¢µç×Ó²úÆ·¡¢Í¨Ñ¶Æ÷²Ä¡¢ÈÕÓÃÆ·¡¢¼ÒÓÃµçÆ÷¡¢Íæ¾ß¡¢·þ×°Ð¬Ã±¡¢Õë·Ä
¹«Ë¾ÀàÐÍ£º,Ò»ÈËÓÐÏÞÔðÈÎ¹«Ë¾
ÆóÒµ·¨ÈË£º,ÕÅÇìÆ½
³ÉÁ¢ÈÕÆÚ£º,2012Äê03ÔÂ19ÈÕ
ËùÊôÊ¡ÊÐ£º,±±¾©
¹«Ë¾µØÖ·£º,±±¾©´óÐËÇøå­º£ÕòâùÀÖ¹¤ÒµÔ°ÍâÎ÷Â·45ºÅ
